INSERT INTO service_provider_management_system.service_provider (id, service_name)
VALUES
(1, 'NovaGenix'),
(2, 'GlobalLink Solutions'),
(3, 'StellarWorks Inc.'),
(4, 'QuantumEdge Technologies'),
(5, 'OptiMax Corporation'),
(6, 'PrimeVision Industries'),
(7, 'NexusDyne Innovations'),
(8, 'VortexTech Solutions'),
(9, 'HorizonX Enterprises'),
(10, 'AlphaWave Systems'),
(11, 'SummitSphere Corporation'),
(12, 'FusionAxis Technologies'),
(13, 'EliteBridge Solutions'),
(14, 'ZenithCorp International'),
(15, 'TitanGate Ventures');


INSERT INTO service_provider_management_system.service (id, service_description)
VALUES
(1, 'Električar'),
(2, 'Zidar'),
(3, 'Vodoinstalater'),
(4, 'Stolar'),
(5, 'Automehaničar'),
(6, 'Frizer'),
(7, 'Kuhanje'),
(8, 'Medicinska sestra'),
(9, 'Pravni savjeti'),
(10, 'Nastava'),
(11, 'Dizajn'),
(12, 'Projektiranje'),
(13, 'Elektroinstalacija'),
(14, 'Analize krvi'),
(15, 'Veterinar'),
(16, 'Njega'),
(17, 'Web development'),
(18, 'Dizajn enterijera'),
(19, 'Turistički vodič'),
(20, 'Novinarstvo'),
(21, 'Usluge mesa'),
(22, 'Fotografske usluge'),
(23, 'Računovodstvo'),
(24, 'Fizioterapija'),
(25, 'Vatrogasne intervencije'),
(26, 'Građevinski nadzor'),
(27, 'Prodaja'),
(28, 'Geodetske usluge'),
(29, 'Psihološko savjetovanje'),
(30, 'Arheološka istraživanja');

INSERT INTO service_provider_management_system.service_provider_services (service_provider_id, service_id)
VALUES
    (1, 1),
    (1, 2),
    (2, 3),
    (2, 4),
    (3, 5),
    (3, 6),
    (4, 7),
    (4, 8),
    (5, 9),
    (5, 10),
    (6, 11),
    (6, 12),
    (7, 13),
    (7, 14),
    (8, 15),
    (8, 16),
    (9, 17),
    (9, 18),
    (10, 19),
    (10, 20),
    (11, 21),
    (11, 22),
    (12, 23),
    (12, 24),
    (13, 25),
    (13, 26),
    (14, 27),
    (14, 28),
    (15, 29),
    (15, 30),
    (1, 5),
    (2, 6),
    (3, 7),
    (6, 10),
    (7, 11),
    (8, 12),
    (9, 13),
    (10, 14),
    (11, 15),
    (12, 16),
    (13, 17),
    (14, 18),
    (15, 19),
    (1, 20),
    (2, 21),
    (3, 22),
    (4, 23);



